{
  "mae": 0.09585900600904318,
  "rmse": 0.11821124871356915,
  "direction_accuracy": 0.862176754759875,
  "hit_rate": 86.2176754759875,
  "sharpe_ratio": 18.75886696502208,
  "sortino_ratio": 37.289425479407576,
  "profit_factor": 12.560690674477655,
  "max_drawdown": -26.94731759324396,
  "calmar_ratio": 3.621379827109473e+17,
  "total_return": 1.7566722848221788e+239
}